{
    "Addimage": {},
    "AddstickerLeave": {
        "sid": "",
        "spkg": "",
        "status": false
    },
    "AddstickerPesan": {
        "sid": "",
        "spkg": "",
        "status": false
    },
    "AddstickerSider": {
        "sid": "",
        "spkg": "",
        "status": false
    },
    "AddstickerTag": {
        "sid": "",
        "spkg": "",
        "status": false
    },
    "AddstickerWelcome": {
        "sid": "",
        "spkg": "",
        "status": false
    },
    "Addvideo": {},
    "Images": {},
    "Img": {},
    "Limit": 50,
    "Mentionkick": false,
    "Respontag": "Jangan Tag Tag Woe -_-",
    "Talkblacklist": {},
    "Talkdblacklist": false,
    "Talkwblacklist": false,
    "Timeline": false,
    "Video": {},
    "Videos": {},
    "addadmin": false,
    "addbots": false,
    "addstaff": false,
    "admin": {},
    "apkTikel": true,
    "autoAdd": false,
    "autoBlock": false,
    "autoJoin": false,
    "autoLeave": false,
    "autoLeave1": true,
    "blacklist": {},
    "bots": {},
    "changeFoto": {},
    "comment": "\nβŘҜ-Ŧ€ΔΜ-βØŦŞ\n────────────\nU want selfbot ? \nU want bot protect?\n────────────    \n💻Selfbot Only  ✔\n💻Selfbot Asiss  ✔\n💻Request Assist ✔\n────────────    \n  🛠Bot Protection🛠\n────────────    \n💻Owner    ✔\n💻Admin    ✔\n💻Protection room  ✔\n──────────── \n      👑 Owner 👑\nline.me/ti/p/~botbrk\n──────────── \n      ♻️ Familly ♻️\nline.me/ti/p/~botbrk\nline.me/ti/p/~tuyulaza\n──────────── \nβŘҜ-Ŧ€ΔΜ-βØŦŞ\n──────────── ",
    "contact": false,
    "dblacklist": false,
    "delladmin": false,
    "dellbots": false,
    "dellstaff": false,
    "detectMention": false,
    "laranganOn": true,
    "leave": "Selamat Tinggal Kk See You Next Tomorrow !",
    "likeOn": false,
    "mention": "Gak Mau Chat Kah Kak?",
    "message": "Thanks for add me..",
    "owner": {},
    "selfbot": true,
    "staff": {},
    "sticker": false,
    "stickerOn": false,
    "stickers": {
        "thanks": {
            "STKID": "52002739",
            "STKOPT": "A",
            "STKPKGID": "11537",
            "STKTXT": "[Sticker]",
            "STKVER": "1"
        }
    },
    "stk": {},
    "talkban": false,
    "unsend": false,
    "wblacklist": false,
    "welcome": "Selamat Datang Kk !!",
    "welcomeOn": false
}