{
    "Picture": false,
    "Picturejs": false,
    "addadmin": false,
    "addaudio": false,
    "addbots": false,
    "addimage": false,
    "addowner": false,
    "addstaff": false,
    "addsticker": false,
    "addwl": false,
    "admin": {},
    "autoJoin": true,
    "autoJoinLink": false,
    "autoLeave": false,
    "autoPurge": false,
    "autoRead": true,
    "autoRead1": true,
    "blacklist": {},
    "bots": {},
    "changePicture": false,
    "changeVideoPicture": false,
    "comment": "DONE LIKE",
    "dblack": false,
    "dblacklist": false,
    "delladmin": false,
    "dellbots": false,
    "dellowner": false,
    "dellstaff": false,
    "delwl": false,
    "groupPicture": false,
    "invite": false,
    "keyCommand": "",
    "kunci": "",
    "lang": "JP",
    "likeOn": true,
    "limit": 1,
    "mention": "ketahuan kan ngintip",
    "owner": {},
    "picon": {},
    "pname": {},
    "pro_name": {},
    "projs": {},
    "protcancel": {},
    "protect": true,
    "protinvite": {},
    "protkick": {},
    "protqr": {},
    "purgeOn": false,
    "rname": "!",
    "selfbot": true,
    "smule": true,
    "sname": "x",
    "staff": {},
    "sticker": {},
    "tiktok": true,
    "userAgent": [
        "Mozilla/5.0 (X11; U; Linux i586; de; rv:5.0) Gecko/20100101 Firefox/5.0",
        "Mozilla/5.0 (X11; U; Linux amd64; rv:5.0) Gecko/20100101 Firefox/5.0 (Debian)",
        "Mozilla/5.0 (X11; U; Linux amd64; en-US; rv:5.0) Gecko/20110619 Firefox/5.0",
        "Mozilla/5.0 (X11; Linux) Gecko Firefox/5.0",
        "Mozilla/5.0 (X11; Linux x86_64; rv:5.0) Gecko/20100101 Firefox/5.0 FirePHP/0.5",
        "Mozilla/5.0 (X11; Linux x86_64; rv:5.0) Gecko/20100101 Firefox/5.0 Firefox/5.0",
        "Mozilla/5.0 (X11; Linux x86_64) Gecko Firefox/5.0",
        "Mozilla/5.0 (X11; Linux ppc; rv:5.0) Gecko/20100101 Firefox/5.0",
        "Mozilla/5.0 (X11; Linux AMD64) Gecko Firefox/5.0",
        "Mozilla/5.0 (X11; FreeBSD amd64; rv:5.0) Gecko/20100101 Firefox/5.0",
        "Mozilla/5.0 (Windows NT 6.2; WOW64; rv:5.0) Gecko/20100101 Firefox/5.0",
        "Mozilla/5.0 (Windows NT 6.1; Win64; x64; rv:5.0) Gecko/20110619 Firefox/5.0",
        "Mozilla/5.0 (Windows NT 6.1; Win64; x64; rv:5.0) Gecko/20100101 Firefox/5.0",
        "Mozilla/5.0 (Windows NT 6.1; rv:6.0) Gecko/20100101 Firefox/5.0",
        "Mozilla/5.0 (Windows NT 6.1.1; rv:5.0) Gecko/20100101 Firefox/5.0",
        "Mozilla/5.0 (Windows NT 5.2; WOW64; rv:5.0) Gecko/20100101 Firefox/5.0",
        "Mozilla/5.0 (Windows NT 5.1; U; rv:5.0) Gecko/20100101 Firefox/5.0",
        "Mozilla/5.0 (Windows NT 5.1; rv:2.0.1) Gecko/20100101 Firefox/5.0",
        "Mozilla/5.0 (Windows NT 5.0; WOW64; rv:5.0) Gecko/20100101 Firefox/5.0",
        "Mozilla/5.0 (Windows NT 5.0; rv:5.0) Gecko/20100101 Firefox/5.0"
    ],
    "war": {},
    "wblack": false,
    "wblacklist": false,
    "welcome": "Welcome to my room",
    "welcomeMem": {},
    "wl": {},
    "youtube": true
}