{
    "listLogin": {
        "u2ccbf33f0e05d38909550ad795acfeb2": "molen",
        "u9d21a87521ee06f1d70fe7112cb62ece": "bunga",
        "ua4ac98c30e7989c93a0f5880475839ad": "incut",
        "uae1b195e60314e7e0a59b18ee005ae1c": "aku",
        "uc7f8b21c8e3ac242f38a97a5fb94d603": "ppih",
        "ucd2ed1c38cedbfee8f1c1bbc315b8b18": "na",
        "uee393f096adc070eb73815a5af6b14de": "ppih"
    },
    "myService": {
        "u01ec3c0dd2cb62807d17805eed81389d": "na",
        "u2c35f2dfc7e292036997b2aae6bedc83": "@ajs",
        "u2ccbf33f0e05d38909550ad795acfeb2": "molen",
        "u9d21a87521ee06f1d70fe7112cb62ece": "bunga",
        "ua4ac98c30e7989c93a0f5880475839ad": "incut",
        "uae1b195e60314e7e0a59b18ee005ae1c": "aku",
        "uc019c475bb64a081ae7c151d4af82e3b": "tuy",
        "uc7f8b21c8e3ac242f38a97a5fb94d603": "ppih",
        "ucd2ed1c38cedbfee8f1c1bbc315b8b18": "na",
        "ucf54d129d88388c0310333a848eca5fa": "@􀈂􀅕└🕊•─✯͜ǟʀKǟৡ─•🕊┐",
        "ue5ff344d5e61e9c06991622063dd19ee": "tiar",
        "uee393f096adc070eb73815a5af6b14de": "ppih",
        "ufcbda1d85e362badca2fdd948fdbde33": "@😊ramah😊"
    }
}